id;name;username;email_address
1;Massachusetts Borders Bacon;engage;PNG
2;Cyprus Supervisor;Avon RSS Account;scalable
3;Intelligent hard Loan;generation;quantifying cross-platform auxiliary
4;reinvent incubate Montenegro;Brand Frozen;invoice
5;generation;RAM intuitive bus;Pizza
6;solid Internal;out-of-the-box View Branding;Fantastic Soft
7;hybrid backing Czech;Branding orchid;Buckinghamshire
8;Licensed zero;Borders Car networks;Cayman Ergonomic Agent
9;Colon National;transmit;Cliff
10;SMTP auxiliary;quantify;Bike Account
